1;Club Atletico de Madrid;;
1;Futbol Club Barcelona;;
1;Burgos Club de Futbol;;
1;Club Deportivo Castellon;;
1;Real Club Celta de Vigo;;
1;Club Recreativo Granada;;
1;Union Deportiva Las Palmas;;
1;Club Deportivo Malaga;;
1;Real Oviedo Vetusta;;
1;Athletic Club;;
1;Real Betis Balompie;;
1;Real Club Deportivo de La Corugna;;
1;Real Club Deportivo Espagnol;;
1;Real Oviedo;;
1;Real Madrid Club de Futbol;;
1;Real Sociedad de Futbol;;
1;Valencia Club de Futbol;;
1;Real Zaragoza;;
2;Barakaldo Club de Futbol;;
2;Cadiz Club de Futbol;;
2;Cordoba Club de Futbol;;
2;Elche Club de Futbol;;
2;Real Club Deportivo Mallorca;;
2;Club Atletico Osasuna;;
2;Unio Esportiva Sant Andreu;;
2;Sevilla Futbol Club;;
2;Valencia Club de Futbol Mestalla;;
2;Real Valladolid Club de Futbol;;
2;Cultural y Deportiva Leonesa;;
2;Club Gimnastic de Tarragona;;
2;Hercules de Alicante Club de Futbol;;
2;Sociedad Deportiva Logrognes;;
2;Real Murcia Club de Futbol;;
2;Pontevedra Club de Futbol;;
2;Real Racing Club de Santander;;
2;Rayo Vallecano de Madrid;;
2;Centre dEsports Sabadell Futbol Club;;
2;Club Deportivo Tenerife;;
3;Real Club Celta de Vigo;;
3;Elche Club de Futbol;;
3;Real Club Deportivo Espagnol;;
3;Union Deportiva Las Palmas;;
3;Real Racing Club de Santander;;
3;Real Madrid Club de Futbol;;
3;Real Sociedad de Futbol;;
3;Real Oviedo Vetusta;;
3;Valencia Club de Futbol;;
3;Club Atletico de Madrid;;
3;Athletic Club;;
3;Futbol Club Barcelona;;
3;Club Deportivo Castellon;;
3;Club Recreativo Granada;;
3;Real Murcia Club de Futbol;;
3;Club Deportivo Malaga;;
3;Real Oviedo;;
3;Real Zaragoza;;
4;Barakaldo Club de Futbol;;
4;Cordoba Club de Futbol;;
4;Real Balompedica Linense;;
4;Real Club Deportivo Mallorca;;
4;Club Atletico Osasuna;;
4;Rayo Vallecano de Madrid;;
4;Unio Esportiva Sant Andreu;;
4;Sevilla Futbol Club;;
4;Club Deportivo Tenerife;;
4;Real Valladolid Club de Futbol;;
4;Real Betis Balompie;;
4;Burgos Club de Futbol;;
4;Cadiz Club de Futbol;;
4;Real Club Deportivo de La Corugna;;
4;Club Gimnastic de Tarragona;;
4;Hercules de Alicante Club de Futbol;;
4;Levante Union Deportiva;;
4;Club Deportiva Ourense;;
4;Centre dEsports Sabadell Futbol Club;;
4;Unionistas de Salamanca Club de Futbol;;
5;Club Atletico de Madrid;;
5;Real Club Deportivo Espagnol;;
5;Hercules de Alicante Club de Futbol;;
5;Union Deportiva Las Palmas;;
5;Club Deportivo Malaga;;
5;Real Sociedad de Futbol;;
5;Unionistas de Salamanca Club de Futbol;;
5;Real Oviedo Vetusta;;
5;Valencia Club de Futbol;;
5;Athletic Club;;
5;Futbol Club Barcelona;;
5;Real Betis Balompie;;
5;Real Club Celta de Vigo;;
5;Elche Club de Futbol;;
5;Club Recreativo Granada;;
5;Real Murcia Club de Futbol;;
5;Real Madrid Club de Futbol;;
5;Real Zaragoza;;
6;Barakaldo Club de Futbol;;
6;Burgos Club de Futbol;;
6;Cultural y Deportiva Leonesa;;
6;Cadiz Club de Futbol;;
6;Cordoba Club de Futbol;;
6;Club Deportiva Ourense;;
6;Real Racing Club de Santander;;
6;Rayo Vallecano de Madrid;;
6;Unio Esportiva Sant Andreu;;
6;Sevilla Futbol Club;;
6;Deportivo Alaves;;
6;Futbol Club Barcelona Atletic;;
6;Club Deportivo Castellon;;
6;Club Gimnastic de Tarragona;;
6;Real Club Deportivo Mallorca;;
6;Real Oviedo;;
6;Real Club Recreativo de Huelva;;
6;Centre dEsports Sabadell Futbol Club;;
6;Club Deportivo Tenerife;;
6;Real Valladolid Club de Futbol;;
7;Elche Club de Futbol;;
7;Real Club Deportivo Espagnol;;
7;Real Madrid Club de Futbol;;
7;Real Sociedad de Futbol;;
7;Unionistas de Salamanca Club de Futbol;;
7;Sevilla Futbol Club;;
7;Real Oviedo Vetusta;;
7;Valencia Club de Futbol;;
7;Real Zaragoza;;
7;Club Atletico de Madrid;;
7;Athletic Club;;
7;Futbol Club Barcelona;;
7;Real Betis Balompie;;
7;Club Recreativo Granada;;
7;Hercules de Alicante Club de Futbol;;
7;Union Deportiva Las Palmas;;
7;Real Oviedo;;
7;Real Racing Club de Santander;;
8;Deportivo Alaves;;
8;Burgos Club de Futbol;;
8;Real Club Celta de Vigo;;
8;Cordoba Club de Futbol;;
8;Club Gimnastic de Tarragona;;
8;Rayo Vallecano de Madrid;;
8;Real Club Recreativo de Huelva;;
8;Unio Esportiva Sant Andreu;;
8;Club Deportivo Tenerife;;
8;Terrassa Futbol Club;;
8;Futbol Club Barcelona Atletic;;
8;Club Deportivo Puertollano;;
8;Club Deportivo Castellon;;
8;Cadiz Club de Futbol;;
8;Real Club Deportivo de La Corugna;;
8;Club Deportivo Ensidesa;;
8;Real Murcia Club de Futbol;;
8;Club Deportivo Malaga;;
8;Club Atletico Osasuna;;
8;Real Valladolid Club de Futbol;;
9;Club Atletico de Madrid;;
9;Athletic Club;;
9;Futbol Club Barcelona;;
9;Burgos Club de Futbol;;
9;Hercules de Alicante Club de Futbol;;
9;Unionistas de Salamanca Club de Futbol;;
9;Sevilla Futbol Club;;
9;Valencia Club de Futbol;;
9;Real Zaragoza;;
9;Real Betis Balompie;;
9;Real Club Celta de Vigo;;
9;Elche Club de Futbol;;
9;Real Club Deportivo Espagnol;;
9;Union Deportiva Las Palmas;;
9;Club Deportivo Malaga;;
9;Real Racing Club de Santander;;
9;Real Madrid Club de Futbol;;
9;Real Sociedad de Futbol;;
10;Club Deportivo Puertollano;;
10;Club Deportivo Castellon;;
10;Cadiz Club de Futbol;;
10;Club Recreativo Granada;;
10;Real Jaen Club de Futbol;;
10;Pontevedra Club de Futbol;;
10;Rayo Vallecano de Madrid;;
10;Real Club Recreativo de Huelva;;
10;Real Oviedo Vetusta;;
10;Club Deportivo Tenerife;;
10;Deportivo Alaves;;
10;Futbol Club Barcelona Atletic;;
10;Cordoba Club de Futbol;;
10;Real Club Deportivo de La Corugna;;
10;Getafe Club de Futbol;;
10;Levante Union Deportiva;;
10;Real Oviedo;;
10;Unio Esportiva Sant Andreu;;
10;Terrassa Futbol Club;;
10;Real Valladolid Club de Futbol;;
11;Club Atletico de Madrid;;
11;Athletic Club;;
11;Futbol Club Barcelona;;
11;Cadiz Club de Futbol;;
11;Hercules de Alicante Club de Futbol;;
11;Union Deportiva Las Palmas;;
11;Real Racing Club de Santander;;
11;Unionistas de Salamanca Club de Futbol;;
11;Sevilla Futbol Club;;
11;Real Betis Balompie;;
11;Burgos Club de Futbol;;
11;Elche Club de Futbol;;
11;Real Club Deportivo Espagnol;;
11;Rayo Vallecano de Madrid;;
11;Real Madrid Club de Futbol;;
11;Real Sociedad de Futbol;;
11;Real Oviedo Vetusta;;
11;Valencia Club de Futbol;;
12;Club Deportivo Puertollano;;
12;Club Deportivo Castellon;;
12;Real Club Deportivo de La Corugna;;
12;Getafe Club de Futbol;;
12;Club Recreativo Granada;;
12;Real Jaen Club de Futbol;;
12;Club Atletico Osasuna;;
12;Real Oviedo;;
12;Centre dEsports Sabadell Futbol Club;;
12;Club Deportivo Tenerife;;
12;Deportivo Alaves;;
12;Barakaldo Club de Futbol;;
12;Real Club Celta de Vigo;;
12;Cordoba Club de Futbol;;
12;Real Murcia Club de Futbol;;
12;Club Deportivo Malaga;;
12;Real Club Recreativo de Huelva;;
12;Terrassa Futbol Club;;
12;Real Valladolid Club de Futbol;;
12;Real Zaragoza;;
13;Athletic Club;;
13;Futbol Club Barcelona;;
13;Burgos Club de Futbol;;
13;Real Club Celta de Vigo;;
13;Hercules de Alicante Club de Futbol;;
13;Union Deportiva Las Palmas;;
13;Real Madrid Club de Futbol;;
13;Real Club Recreativo de Huelva;;
13;Real Oviedo Vetusta;;
13;Club Atletico de Madrid;;
13;Real Club Deportivo Espagnol;;
13;Real Racing Club de Santander;;
13;Rayo Vallecano de Madrid;;
13;Real Sociedad de Futbol;;
13;Unionistas de Salamanca Club de Futbol;;
13;Sevilla Futbol Club;;
13;Valencia Club de Futbol;;
13;Real Zaragoza;;
14;Agrupacion Deportiva Almeria;;
14;Real Betis Balompie;;
14;Club Deportivo Castellon;;
14;Cadiz Club de Futbol;;
14;Racing Club de Ferrol;;
14;Getafe Club de Futbol;;
14;Real Jaen Club de Futbol;;
14;Club Deportivo Malaga;;
14;Club Atletico Osasuna;;
14;Terrassa Futbol Club;;
14;Deportivo Alaves;;
14;Algeciras Club de Futbol;;
14;Barakaldo Club de Futbol;;
14;Real Club Deportivo de La Corugna;;
14;Elche Club de Futbol;;
14;Club Recreativo Granada;;
14;Real Murcia Club de Futbol;;
14;Real Madrid Castilla Club de Futbol;;
14;Centre dEsports Sabadell Futbol Club;;
14;Real Valladolid Club de Futbol;;
15;Real Betis Balompie;;
15;Burgos Club de Futbol;;
15;Real Club Deportivo Espagnol;;
15;Hercules de Alicante Club de Futbol;;
15;Real Madrid Club de Futbol;;
15;Real Sociedad de Futbol;;
15;Unionistas de Salamanca Club de Futbol;;
15;Real Oviedo Vetusta;;
15;Real Zaragoza;;
15;Agrupacion Deportiva Almeria;;
15;Club Atletico de Madrid;;
15;Athletic Club;;
15;Futbol Club Barcelona;;
15;Union Deportiva Las Palmas;;
15;Club Deportivo Malaga;;
15;Rayo Vallecano de Madrid;;
15;Sevilla Futbol Club;;
15;Valencia Club de Futbol;;
16;Deportivo Alaves;;
16;Club Deportivo Castellon;;
16;Real Club Celta de Vigo;;
16;Getafe Club de Futbol;;
16;Club Recreativo Granada;;
16;Levante Union Deportiva;;
16;Real Murcia Club de Futbol;;
16;Palencia Club de Futbol;;
16;Real Club Recreativo de Huelva;;
16;Centre dEsports Sabadell Futbol Club;;
16;Algeciras Club de Futbol;;
16;Cadiz Club de Futbol;;
16;Real Club Deportivo de La Corugna;;
16;Elche Club de Futbol;;
16;Club Gimnastic de Tarragona;;
16;Club Atletico Osasuna;;
16;Real Oviedo;;
16;Real Racing Club de Santander;;
16;Real Madrid Castilla Club de Futbol;;
16;Real Valladolid Club de Futbol;;
17;Agrupacion Deportiva Almeria;;
17;Club Atletico de Madrid;;
17;Athletic Club;;
17;Real Club Deportivo Espagnol;;
17;Real Murcia Club de Futbol;;
17;Club Atletico Osasuna;;
17;Sevilla Futbol Club;;
17;Real Oviedo Vetusta;;
17;Valencia Club de Futbol;;
17;Futbol Club Barcelona;;
17;Real Betis Balompie;;
17;Hercules de Alicante Club de Futbol;;
17;Union Deportiva Las Palmas;;
17;Real Madrid Club de Futbol;;
17;Real Sociedad de Futbol;;
17;Unionistas de Salamanca Club de Futbol;;
17;Real Valladolid Club de Futbol;;
17;Real Zaragoza;;
18;Burgos Club de Futbol;;
18;Club Atletico de Ceuta;;
18;Elche Club de Futbol;;
18;Getafe Club de Futbol;;
18;Palencia Club de Futbol;;
18;Real Racing Club de Santander;;
18;Rayo Vallecano de Madrid;;
18;Real Madrid Castilla Club de Futbol;;
18;Real Club Recreativo de Huelva;;
18;Centre dEsports Sabadell Futbol Club;;
18;Deportivo Alaves;;
18;Club Atletico de Madrid B;;
18;Barakaldo Club de Futbol;;
18;Club Deportivo Castellon;;
18;Cadiz Club de Futbol;;
18;Club Recreativo Granada;;
18;Levante Union Deportiva;;
18;Real Balompedica Linense;;
18;Club Deportivo Malaga;;
18;Real Oviedo;;
19;Club Atletico de Madrid;;
19;Futbol Club Barcelona;;
19;Club Deportivo Castellon;;
19;Hercules de Alicante Club de Futbol;;
19;Real Racing Club de Santander;;
19;Real Sociedad de Futbol;;
19;Sevilla Futbol Club;;
19;Real Valladolid Club de Futbol;;
19;Real Zaragoza;;
19;Athletic Club;;
19;Real Betis Balompie;;
19;Cadiz Club de Futbol;;
19;Real Club Deportivo Espagnol;;
19;Union Deportiva Las Palmas;;
19;Club Atletico Osasuna;;
19;Real Madrid Club de Futbol;;
19;Real Oviedo Vetusta;;
19;Valencia Club de Futbol;;
20;Agrupacion Deportiva Almeria;;
20;Cordoba Club de Futbol;;
20;Getafe Club de Futbol;;
20;Levante Union Deportiva;;
20;Real Balompedica Linense;;
20;Real Club Deportivo Mallorca;;
20;Real Murcia Club de Futbol;;
20;Real Oviedo;;
20;Real Madrid Castilla Club de Futbol;;
20;Real Club Recreativo de Huelva;;
20;Deportivo Alaves;;
20;Club Atletico de Madrid B;;
20;Burgos Club de Futbol;;
20;Real Club Celta de Vigo;;
20;Real Club Deportivo de La Corugna;;
20;Elche Club de Futbol;;
20;Club Deportivo Malaga;;
20;Rayo Vallecano de Madrid;;
20;Centre dEsports Sabadell Futbol Club;;
20;Unionistas de Salamanca Club de Futbol;;
21;Club Atletico de Madrid;;
21;Real Club Deportivo Espagnol;;
21;Club Deportivo Malaga;;
21;Club Atletico Osasuna;;
21;Real Sociedad de Futbol;;
21;Sevilla Futbol Club;;
21;Valencia Club de Futbol;;
21;Real Valladolid Club de Futbol;;
21;Real Zaragoza;;
21;Athletic Club;;
21;Futbol Club Barcelona;;
21;Real Betis Balompie;;
21;Real Club Celta de Vigo;;
21;Union Deportiva Las Palmas;;
21;Real Racing Club de Santander;;
21;Real Madrid Club de Futbol;;
21;Unionistas de Salamanca Club de Futbol;;
21;Real Oviedo Vetusta;;
22;Futbol Club Barcelona Atletic;;
22;Cartagena Futbol Club;;
22;Cadiz Club de Futbol;;
22;Cordoba Club de Futbol;;
22;Real Club Deportivo de La Corugna;;
22;Hercules de Alicante Club de Futbol;;
22;Real Oviedo;;
22;Rayo Vallecano de Madrid;;
22;Real Madrid Castilla Club de Futbol;;
22;Centre dEsports Sabadell Futbol Club;;
22;Deportivo Alaves;;
22;Club Atletico de Madrid B;;
22;Club Deportivo Castellon;;
22;Elche Club de Futbol;;
22;Real Balompedica Linense;;
22;Real Club Deportivo Mallorca;;
22;Real Murcia Club de Futbol;;
22;Palencia Club de Futbol;;
22;Real Club Recreativo de Huelva;;
22;Xerez Club Deportivo;;
23;Athletic Club;;
23;Real Club Deportivo Espagnol;;
23;Real Club Deportivo Mallorca;;
23;Real Murcia Club de Futbol;;
23;Club Atletico Osasuna;;
23;Real Madrid Club de Futbol;;
23;Sevilla Futbol Club;;
23;Real Oviedo Vetusta;;
23;Real Valladolid Club de Futbol;;
23;Club Atletico de Madrid;;
23;Futbol Club Barcelona;;
23;Real Betis Balompie;;
23;Cadiz Club de Futbol;;
23;Club Deportivo Malaga;;
23;Real Sociedad de Futbol;;
23;Unionistas de Salamanca Club de Futbol;;
23;Valencia Club de Futbol;;
23;Real Zaragoza;;
24;Algeciras Club de Futbol;;
24;Club Atletico de Madrid B;;
24;Futbol Club Barcelona Atletic;;
24;Club Deportivo Castellon;;
24;Real Club Celta de Vigo;;
24;Elche Club de Futbol;;
24;Club Recreativo Granada;;
24;Real Balompedica Linense;;
24;Real Club Recreativo de Huelva;;
24;Club Deportivo Tenerife;;
24;Bilbao Athletic;;
24;Cartagena Futbol Club;;
24;Real Club Deportivo de La Corugna;;
24;Hercules de Alicante Club de Futbol;;
24;Union Deportiva Las Palmas;;
24;Real Oviedo;;
24;Palencia Club de Futbol;;
24;Real Racing Club de Santander;;
24;Rayo Vallecano de Madrid;;
24;Real Madrid Castilla Club de Futbol;;
25;Athletic Club;;
25;Real Betis Balompie;;
25;Elche Club de Futbol;;
25;Real Club Deportivo Espagnol;;
25;Club Deportivo Malaga;;
25;Club Atletico Osasuna;;
25;Real Racing Club de Santander;;
25;Real Madrid Club de Futbol;;
25;Real Zaragoza;;
25;Club Atletico de Madrid;;
25;Futbol Club Barcelona;;
25;Hercules de Alicante Club de Futbol;;
25;Real Murcia Club de Futbol;;
25;Real Sociedad de Futbol;;
25;Sevilla Futbol Club;;
25;Real Oviedo Vetusta;;
25;Valencia Club de Futbol;;
25;Real Valladolid Club de Futbol;;
26;Club Atletico de Madrid B;;
26;Futbol Club Barcelona Atletic;;
26;Club Deportivo Puertollano;;
26;Cartagena Futbol Club;;
26;Real Club Celta de Vigo;;
26;Club Recreativo Granada;;
26;Real Oviedo;;
26;Centre dEsports Sabadell Futbol Club;;
26;Unionistas de Salamanca Club de Futbol;;
26;Club Deportivo Tenerife;;
26;Bilbao Athletic;;
26;Club Deportivo Castellon;;
26;Cadiz Club de Futbol;;
26;Real Club Deportivo de La Corugna;;
26;Union Deportiva Las Palmas;;
26;Sociedad Deportiva Logrognes;;
26;Club de Futbol Lorca Deportiva;;
26;Real Club Deportivo Mallorca;;
26;Real Madrid Castilla Club de Futbol;;
26;Real Club Recreativo de Huelva;;
27;Club Atletico de Madrid;;
27;Real Betis Balompie;;
27;Real Club Deportivo Espagnol;;
27;Union Deportiva Las Palmas;;
27;Club Atletico Osasuna;;
27;Real Racing Club de Santander;;
27;Real Sociedad de Futbol;;
27;Valencia Club de Futbol;;
27;Real Zaragoza;;
27;Athletic Club;;
27;Futbol Club Barcelona;;
27;Real Club Celta de Vigo;;
27;Cadiz Club de Futbol;;
27;Hercules de Alicante Club de Futbol;;
27;Real Madrid Club de Futbol;;
27;Sevilla Futbol Club;;
27;Real Oviedo Vetusta;;
27;Real Valladolid Club de Futbol;;
28;Albacete Balompie;;
28;Bilbao Athletic;;
28;Cartagena Futbol Club;;
28;Real Club Deportivo de La Corugna;;
28;Elche Club de Futbol;;
28;Real Oviedo;;
28;Rayo Vallecano de Madrid;;
28;Real Madrid Castilla Club de Futbol;;
28;Real Club Recreativo de Huelva;;
28;Centre dEsports Sabadell Futbol Club;;
28;Club Atletico de Madrid B;;
28;Futbol Club Barcelona Atletic;;
28;Club Deportivo Castellon;;
28;Sociedad Deportiva Logrognes;;
28;Real Club Deportivo Mallorca;;
28;Real Murcia Club de Futbol;;
28;Club Deportivo Malaga;;
28;Sestao River Club;;
28;Club Deportivo Tenerife;;
28;Real Zaragoza Deportivo Aragon;;
29;Club Atletico de Madrid;;
29;Futbol Club Barcelona;;
29;Real Betis Balompie;;
29;Union Deportiva Las Palmas;;
29;Real Murcia Club de Futbol;;
29;Club Atletico Osasuna;;
29;Real Sociedad de Futbol;;
29;Real Oviedo Vetusta;;
29;Real Zaragoza;;
29;Athletic Club;;
29;Cadiz Club de Futbol;;
29;Real Club Deportivo Espagnol;;
29;Real Club Deportivo Mallorca;;
29;Real Racing Club de Santander;;
29;Real Madrid Club de Futbol;;
29;Centre dEsports Sabadell Futbol Club;;
29;Sevilla Futbol Club;;
29;Real Valladolid Club de Futbol;;
30;Bilbao Athletic;;
30;Futbol Club Barcelona Atletic;;
30;Real Club Celta de Vigo;;
30;Elche Club de Futbol;;
30;Rayo Vallecano de Madrid;;
30;Real Madrid Castilla Club de Futbol;;
30;Sestao River Club;;
30;Valencia Club de Futbol;;
30;Xerez Club Deportivo;;
30;Cartagena Futbol Club;;
30;Club Deportivo Castellon;;
30;Real Club Deportivo de La Corugna;;
30;Unio Esportiva Figueres;;
30;Hercules de Alicante Club de Futbol;;
30;Sociedad Deportiva Logrognes;;
30;Club Deportivo Malaga;;
30;Real Oviedo;;
30;Real Club Recreativo de Huelva;;
31;Real Racing Club de Santander;;
31;Cadiz Club de Futbol;;
31;Club Atletico Osasuna;;
32;Club Atletico de Madrid;;
32;Athletic Club;;
32;Cadiz Club de Futbol;;
32;Real Club Deportivo Espagnol;;
32;Union Deportiva Las Palmas;;
32;Club Atletico Osasuna;;
32;Sevilla Futbol Club;;
32;Real Oviedo Vetusta;;
32;Valencia Club de Futbol;;
32;Real Zaragoza;;
32;Futbol Club Barcelona;;
32;Real Betis Balompie;;
32;Real Club Celta de Vigo;;
32;Sociedad Deportiva Logrognes;;
32;Real Club Deportivo Mallorca;;
32;Real Murcia Club de Futbol;;
32;Real Madrid Club de Futbol;;
32;Real Sociedad de Futbol;;
32;Centre dEsports Sabadell Futbol Club;;
32;Real Valladolid Club de Futbol;;
33;Cartagena Futbol Club;;
33;Real Club Deportivo de La Corugna;;
33;Unio Esportiva Figueres;;
33;Club Recreativo Granada;;
33;Hercules de Alicante Club de Futbol;;
33;Club Lleida Esportiu;;
33;Rayo Vallecano de Madrid;;
33;Real Madrid Castilla Club de Futbol;;
33;Club Deportivo Tenerife;;
33;Xerez Club Deportivo;;
33;Bilbao Athletic;;
33;Futbol Club Barcelona Atletic;;
33;Real Burgos Club de Futbol;;
33;Club Deportivo Castellon;;
33;Elche Club de Futbol;;
33;Club Deportivo Malaga;;
33;Real Oviedo;;
33;Real Racing Club de Santander;;
33;Real Club Recreativo de Huelva;;
33;Sestao River Club;;
34;Real Murcia Club de Futbol;;
34;Real Oviedo;;
34;Real Club Deportivo Mallorca;;
34;Rayo Vallecano de Madrid;;
35;Athletic Club;;
35;Futbol Club Barcelona;;
35;Real Betis Balompie;;
35;Real Club Celta de Vigo;;
35;Sociedad Deportiva Logrognes;;
35;Real Murcia Club de Futbol;;
35;Real Oviedo;;
35;Real Madrid Club de Futbol;;
35;Real Valladolid Club de Futbol;;
35;Real Zaragoza;;
35;Club Atletico de Madrid;;
35;Cadiz Club de Futbol;;
35;Elche Club de Futbol;;
35;Real Club Deportivo Espagnol;;
35;Club Deportivo Malaga;;
35;Club Atletico Osasuna;;
35;Real Sociedad de Futbol;;
35;Sevilla Futbol Club;;
35;Real Oviedo Vetusta;;
35;Valencia Club de Futbol;;
36;Union Deportiva Alzira;;
36;Futbol Club Barcelona Atletic;;
36;Club Deportivo Castellon;;
36;Club Lleida Esportiu;;
36;Real Club Deportivo Mallorca;;
36;Real Racing Club de Santander;;
36;Rayo Vallecano de Madrid;;
36;Club Deportivo Tenerife;;
36;Xerez Club Deportivo;;
36;Sociedad Deportiva Eibar;;
36;Real Burgos Club de Futbol;;
36;Real Club Deportivo de La Corugna;;
36;Unio Esportiva Figueres;;
36;Union Deportiva Las Palmas;;
36;Club de Futbol Joventut Mollerussa;;
36;Real Madrid Castilla Club de Futbol;;
36;Real Club Recreativo de Huelva;;
36;Centre dEsports Sabadell Futbol Club;;
36;Unionistas de Salamanca Club de Futbol;;
36;Sestao River Club;;
37;Real Club Deportivo Espagnol;;
37;Club Deportivo Tenerife;;
37;Real Betis Balompie;;
37;Real Club Deportivo Mallorca;;
38;Athletic Club;;
38;Cadiz Club de Futbol;;
38;Club Deportivo Malaga;;
38;Club Atletico Osasuna;;
38;Real Oviedo;;
38;Real Madrid Club de Futbol;;
38;Sevilla Futbol Club;;
38;Valencia Club de Futbol;;
38;Real Valladolid Club de Futbol;;
38;Real Zaragoza;;
38;Club Atletico de Madrid;;
38;Futbol Club Barcelona;;
38;Club Deportivo Castellon;;
38;Real Club Celta de Vigo;;
38;Sociedad Deportiva Logrognes;;
38;Real Club Deportivo Mallorca;;
38;Rayo Vallecano de Madrid;;
38;Real Sociedad de Futbol;;
38;Real Oviedo Vetusta;;
38;Club Deportivo Tenerife;;
39;Club Atletico de Madrid B;;
39;Real Burgos Club de Futbol;;
39;Real Club Deportivo de La Corugna;;
39;Real Club Deportivo Espagnol;;
39;Unio Esportiva Figueres;;
39;Union Deportiva Las Palmas;;
39;Levante Union Deportiva;;
39;Real Murcia Club de Futbol;;
39;Real Racing Club de Santander;;
39;Centre dEsports Sabadell Futbol Club;;
39;Bilbao Athletic;;
39;Real Betis Balompie;;
39;Elche Club de Futbol;;
39;Palamos Club de Futbol;;
39;Real Madrid Castilla Club de Futbol;;
39;Real Club Recreativo de Huelva;;
39;Unionistas de Salamanca Club de Futbol;;
39;Sestao River Club;;
39;Xerez Club Deportivo;;
39;Sociedad Deportiva Eibar;;
40;Real Club Deportivo Espagnol;;
40;Club Deportivo Tenerife;;
40;Real Club Deportivo de La Corugna;;
40;Club Deportivo Malaga;;
41;Real Betis Balompie;;
41;Real Burgos Club de Futbol;;
41;Real Club Deportivo Espagnol;;
41;Sociedad Deportiva Logrognes;;
41;Real Oviedo;;
41;Real Madrid Club de Futbol;;
41;Real Sociedad de Futbol;;
41;Club Deportivo Tenerife;;
41;Valencia Club de Futbol;;
41;Real Valladolid Club de Futbol;;
41;Club Atletico de Madrid;;
41;Athletic Club;;
41;Futbol Club Barcelona;;
41;Club Deportivo Castellon;;
41;Cadiz Club de Futbol;;
41;Real Club Deportivo Mallorca;;
41;Club Atletico Osasuna;;
41;Sevilla Futbol Club;;
41;Real Oviedo Vetusta;;
41;Real Zaragoza;;
42;Albacete Balompie;;
42;Bilbao Athletic;;
42;Real Aviles Club de Futbol;;
42;Real Club Deportivo de La Corugna;;
42;Unio Esportiva Figueres;;
42;Club Deportivo Malaga;;
42;Orihuela Deportiva Club de Futbol;;
42;Centre dEsports Sabadell Futbol Club;;
42;Sestao River Club;;
42;Xerez Club Deportivo;;
42;Real Club Celta de Vigo;;
42;Elche Club de Futbol;;
42;Union Deportiva Las Palmas;;
42;Levante Union Deportiva;;
42;Club Lleida Esportiu;;
42;Real Murcia Club de Futbol;;
42;Palamos Club de Futbol;;
42;Rayo Vallecano de Madrid;;
42;Unionistas de Salamanca Club de Futbol;;
42;Sociedad Deportiva Eibar;;
43;Real Murcia Club de Futbol;;
43;Club Deportivo Malaga;;
43;Cadiz Club de Futbol;;
43;Real Zaragoza;;
44;Club Atletico de Madrid;;
44;Athletic Club;;
44;Futbol Club Barcelona;;
44;Cadiz Club de Futbol;;
44;Club Atletico Osasuna;;
44;Real Oviedo;;
44;Club Deportivo Tenerife;;
44;Valencia Club de Futbol;;
44;Real Valladolid Club de Futbol;;
44;Real Zaragoza;;
44;Albacete Balompie;;
44;Real Burgos Club de Futbol;;
44;Real Club Deportivo de La Corugna;;
44;Real Club Deportivo Espagnol;;
44;Sociedad Deportiva Logrognes;;
44;Real Club Deportivo Mallorca;;
44;Real Madrid Club de Futbol;;
44;Real Sociedad de Futbol;;
44;Sevilla Futbol Club;;
44;Real Oviedo Vetusta;;
45;Real Aviles Club de Futbol;;
45;Real Betis Balompie;;
45;Real Club Celta de Vigo;;
45;Sociedad Deportiva Compostela;;
45;Unio Esportiva Figueres;;
45;Real Murcia Club de Futbol;;
45;Real Racing Club de Santander;;
45;Rayo Vallecano de Madrid;;
45;Real Madrid Castilla Club de Futbol;;
45;Sociedad Deportiva Eibar;;
45;Bilbao Athletic;;
45;Futbol Club Barcelona Atletic;;
45;Club Deportivo Castellon;;
45;Union Deportiva Las Palmas;;
45;Club Lleida Esportiu;;
45;Club Deportivo Malaga;;
45;Asociacion Deportiva Merida;;
45;Palamos Club de Futbol;;
45;Centre dEsports Sabadell Futbol Club;;
45;Sestao River Club;;
46;Cadiz Club de Futbol;;
46;Real Club Deportivo de La Corugna;;
46;Real Betis Balompie;;
46;Unio Esportiva Figueres;;
47;Albacete Balompie;;
47;Club Atletico de Madrid;;
47;Athletic Club;;
47;Futbol Club Barcelona;;
47;Real Burgos Club de Futbol;;
47;Real Club Deportivo de La Corugna;;
47;Sociedad Deportiva Logrognes;;
47;Real Oviedo Vetusta;;
47;Valencia Club de Futbol;;
47;Real Zaragoza;;
47;Real Club Celta de Vigo;;
47;Cadiz Club de Futbol;;
47;Real Club Deportivo Espagnol;;
47;Club Atletico Osasuna;;
47;Real Oviedo;;
47;Rayo Vallecano de Madrid;;
47;Real Madrid Club de Futbol;;
47;Real Sociedad de Futbol;;
47;Sevilla Futbol Club;;
47;Club Deportivo Tenerife;;
48;Futbol Club Barcelona Atletic;;
48;Real Betis Balompie;;
48;Unio Esportiva Figueres;;
48;Club Lleida Esportiu;;
48;Club Atletico Marbella;;
48;Asociacion Deportiva Merida;;
48;Real Racing Club de Santander;;
48;Real Madrid Castilla Club de Futbol;;
48;Villarreal Club de Futbol;;
48;Sociedad Deportiva Eibar;;
48;Bilbao Athletic;;
48;Club Deportivo Badajoz;;
48;Club Deportivo Castellon;;
48;Sociedad Deportiva Compostela;;
48;Club Deportivo Lugo;;
48;Real Club Deportivo Mallorca;;
48;Palamos Club de Futbol;;
48;Centre dEsports Sabadell Futbol Club;;
48;Sestao River Club;;
48;Real Valladolid Club de Futbol;;
49;Real Club Deportivo Espagnol;;
49;Real Club Deportivo Mallorca;;
49;Albacete Balompie;;
49;Real Racing Club de Santander;;
50;Club Atletico de Madrid;;
50;Athletic Club;;
50;Futbol Club Barcelona;;
50;Real Club Deportivo de La Corugna;;
50;Club Atletico Osasuna;;
50;Real Oviedo;;
50;Real Racing Club de Santander;;
50;Club Deportivo Tenerife;;
50;Real Valladolid Club de Futbol;;
50;Real Zaragoza;;
50;Albacete Balompie;;
50;Real Club Celta de Vigo;;
50;Club Lleida Esportiu;;
50;Sociedad Deportiva Logrognes;;
50;Rayo Vallecano de Madrid;;
50;Real Madrid Club de Futbol;;
50;Real Sociedad de Futbol;;
50;Sevilla Futbol Club;;
50;Real Oviedo Vetusta;;
50;Valencia Club de Futbol;;
51;Club Deportivo Badajoz;;
51;Futbol Club Barcelona Atletic;;
51;Real Betis Balompie;;
51;Real Burgos Club de Futbol;;
51;Club Deportivo Castellon;;
51;Cadiz Club de Futbol;;
51;Club Deportivo Leganes;;
51;Real Murcia Club de Futbol;;
51;Real Madrid Castilla Club de Futbol;;
51;Sociedad Deportiva Eibar;;
51;Bilbao Athletic;;
51;Sociedad Deportiva Compostela;;
51;Real Club Deportivo Espagnol;;
51;Hercules de Alicante Club de Futbol;;
51;Real Club Deportivo Mallorca;;
51;Club Atletico Marbella;;
51;Asociacion Deportiva Merida;;
51;Palamos Club de Futbol;;
51;Club Deportivo Toledo;;
51;Villarreal Club de Futbol;;
52;Rayo Vallecano de Madrid;;
52;Club Deportivo Toledo;;
52;Sociedad Deportiva Compostela;;
52;Real Valladolid Club de Futbol;;
53;Albacete Balompie;;
53;Club Atletico de Madrid;;
53;Athletic Club;;
53;Sociedad Deportiva Compostela;;
53;Real Club Deportivo Espagnol;;
53;Sociedad Deportiva Logrognes;;
53;Real Racing Club de Santander;;
53;Sevilla Futbol Club;;
53;Real Oviedo Vetusta;;
53;Real Zaragoza;;
53;Futbol Club Barcelona;;
53;Real Betis Balompie;;
53;Real Club Celta de Vigo;;
53;Real Club Deportivo de La Corugna;;
53;Real Oviedo;;
53;Real Madrid Club de Futbol;;
53;Real Sociedad de Futbol;;
53;Club Deportivo Tenerife;;
53;Valencia Club de Futbol;;
53;Real Valladolid Club de Futbol;;
54;Club Deportivo Badajoz;;
54;Getafe Club de Futbol;;
54;Hercules de Alicante Club de Futbol;;
54;Real Club Deportivo Mallorca;;
54;Asociacion Deportiva Merida;;
54;Club Atletico Osasuna;;
54;Club Deportiva Ourense;;
54;Real Madrid Castilla Club de Futbol;;
54;Club Deportivo Toledo;;
54;Villarreal Club de Futbol;;
54;Bilbao Athletic;;
54;Futbol Club Barcelona Atletic;;
54;Extremadura Union Deportiva;;
54;Club Deportivo Leganes;;
54;Club Lleida Esportiu;;
54;Club Atletico Marbella;;
54;Palamos Club de Futbol;;
54;Rayo Vallecano de Madrid;;
54;Unionistas de Salamanca Club de Futbol;;
54;Sociedad Deportiva Eibar;;
55;Club Lleida Esportiu;;
55;Unionistas de Salamanca Club de Futbol;;
55;Albacete Balompie;;
55;Real Oviedo Vetusta;;
56;Club Atletico de Madrid;;
56;Athletic Club;;
56;Real Club Celta de Vigo;;
56;Real Club Deportivo de La Corugna;;
56;Real Club Deportivo Espagnol;;
56;Asociacion Deportiva Merida;;
56;Rayo Vallecano de Madrid;;
56;Sevilla Futbol Club;;
56;Real Oviedo Vetusta;;
56;Real Valladolid Club de Futbol;;
56;Real Zaragoza;;
56;Albacete Balompie;;
56;Futbol Club Barcelona;;
56;Real Betis Balompie;;
56;Sociedad Deportiva Compostela;;
56;Real Oviedo;;
56;Real Racing Club de Santander;;
56;Real Madrid Club de Futbol;;
56;Real Sociedad de Futbol;;
56;Unionistas de Salamanca Club de Futbol;;
56;Club Deportivo Tenerife;;
56;Valencia Club de Futbol;;
57;Union Deportiva Almeria;;
57;Getafe Club de Futbol;;
57;Club Lleida Esportiu;;
57;Club Atletico Marbella;;
57;Club Atletico Osasuna;;
57;Real Madrid Castilla Club de Futbol;;
57;Sestao River Club;;
57;Club Deportivo Toledo;;
57;Villarreal Club de Futbol;;
57;Ecija Balompie;;
57;Deportivo Alaves;;
57;Bilbao Athletic;;
57;Club Deportivo Badajoz;;
57;Futbol Club Barcelona Atletic;;
57;Extremadura Union Deportiva;;
57;Hercules de Alicante Club de Futbol;;
57;Club Deportivo Leganes;;
57;Sociedad Deportiva Logrognes;;
57;Real Club Deportivo Mallorca;;
57;Sociedad Deportiva Eibar;;
58;Extremadura Union Deportiva;;
58;Real Club Deportivo Mallorca;;
58;Albacete Balompie;;
58;Rayo Vallecano de Madrid;;
59;Club Atletico de Madrid;;
59;Real Betis Balompie;;
59;Real Club Deportivo de La Corugna;;
59;Real Club Deportivo Espagnol;;
59;Hercules de Alicante Club de Futbol;;
59;Real Oviedo;;
59;Real Racing Club de Santander;;
59;Rayo Vallecano de Madrid;;
59;Real Sociedad de Futbol;;
59;Club Deportivo Tenerife;;
59;Real Zaragoza;;
59;Athletic Club;;
59;Futbol Club Barcelona;;
59;Real Club Celta de Vigo;;
59;Sociedad Deportiva Compostela;;
59;Extremadura Union Deportiva;;
59;Sociedad Deportiva Logrognes;;
59;Real Madrid Club de Futbol;;
59;Sevilla Futbol Club;;
59;Real Oviedo Vetusta;;
59;Valencia Club de Futbol;;
59;Real Valladolid Club de Futbol;;
60;Deportivo Alaves;;
60;Union Deportiva Almeria;;
60;Club Deportivo Leganes;;
60;Levante Union Deportiva;;
60;Club Lleida Esportiu;;
60;Real Club Deportivo Mallorca;;
60;Asociacion Deportiva Merida;;
60;Real Madrid Castilla Club de Futbol;;
60;Club Deportivo Toledo;;
60;Sociedad Deportiva Eibar;;
60;Albacete Balompie;;
60;Club Atletico de Madrid B;;
60;Club Deportivo Badajoz;;
60;Futbol Club Barcelona Atletic;;
60;Union Deportiva Las Palmas;;
60;Club Atletico Osasuna;;
60;Club Deportiva Ourense;;
60;Unionistas de Salamanca Club de Futbol;;
60;Villarreal Club de Futbol;;
60;Ecija Balompie;;
61;Real Club Deportivo Mallorca;;
61;Rayo Vallecano de Madrid;;
62;Athletic Club;;
62;Futbol Club Barcelona;;
62;Real Club Celta de Vigo;;
62;Sociedad Deportiva Compostela;;
62;Real Club Deportivo Mallorca;;
62;Real Oviedo;;
62;Real Racing Club de Santander;;
62;Real Madrid Club de Futbol;;
62;Club Deportivo Tenerife;;
62;Real Valladolid Club de Futbol;;
62;Club Atletico de Madrid;;
62;Real Betis Balompie;;
62;Real Club Deportivo de La Corugna;;
62;Real Club Deportivo Espagnol;;
62;Asociacion Deportiva Merida;;
62;Real Sociedad de Futbol;;
62;Unionistas de Salamanca Club de Futbol;;
62;Real Oviedo Vetusta;;
62;Valencia Club de Futbol;;
62;Real Zaragoza;;
63;Deportivo Alaves;;
63;Club Atletico de Madrid B;;
63;Club Deportivo Badajoz;;
63;Extremadura Union Deportiva;;
63;Hercules de Alicante Club de Futbol;;
63;Club Deportivo Leganes;;
63;Levante Union Deportiva;;
63;Sociedad Deportiva Logrognes;;
63;Club Deportivo Numancia de Soria;;
63;Club Atletico Osasuna;;
63;Sevilla Futbol Club;;
63;Albacete Balompie;;
63;Elche Club de Futbol;;
63;Real Jaen Club de Futbol;;
63;Union Deportiva Las Palmas;;
63;Club Lleida Esportiu;;
63;Club Deportiva Ourense;;
63;Rayo Vallecano de Madrid;;
63;Club Deportivo Toledo;;
63;Villarreal Club de Futbol;;
63;Xerez Club Deportivo;;
63;Sociedad Deportiva Eibar;;
64;Real Oviedo;;
64;Villarreal Club de Futbol;;
64;Sociedad Deportiva Compostela;;
64;Union Deportiva Las Palmas;;
65;Deportivo Alaves;;
65;Real Club Celta de Vigo;;
65;Real Club Deportivo Espagnol;;
65;Extremadura Union Deportiva;;
65;Real Racing Club de Santander;;
65;Real Madrid Club de Futbol;;
65;Real Sociedad de Futbol;;
65;Unionistas de Salamanca Club de Futbol;;
65;Valencia Club de Futbol;;
65;Real Zaragoza;;
65;Club Atletico de Madrid;;
65;Athletic Club;;
65;Futbol Club Barcelona;;
65;Real Betis Balompie;;
65;Real Club Deportivo de La Corugna;;
65;Real Club Deportivo Mallorca;;
65;Real Oviedo;;
65;Club Deportivo Tenerife;;
65;Real Valladolid Club de Futbol;;
65;Villarreal Club de Futbol;;
66;Club Atletico de Madrid B;;
66;Sociedad Deportiva Compostela;;
66;Union Deportiva Las Palmas;;
66;Club Lleida Esportiu;;
66;Sociedad Deportiva Logrognes;;
66;Club Deportivo Atletico Baleares;;
66;Malaga Club de Futbol;;
66;Club Deportivo Numancia de Soria;;
66;Rayo Vallecano de Madrid;;
66;Sevilla Futbol Club;;
66;Real Oviedo Vetusta;;
66;Albacete Balompie;;
66;Club Deportivo Badajoz;;
66;Futbol Club Barcelona Atletic;;
66;Hercules de Alicante Club de Futbol;;
66;Club Deportivo Leganes;;
66;Asociacion Deportiva Merida;;
66;Club Atletico Osasuna;;
66;Club Deportiva Ourense;;
66;Real Club Recreativo de Huelva;;
66;Club Deportivo Toledo;;
66;Sociedad Deportiva Eibar;;
67;Extremadura Union Deportiva;;
67;Villarreal Club de Futbol;;
67;Rayo Vallecano de Madrid;;
67;Sevilla Futbol Club;;
68;Club Atletico de Madrid;;
68;Athletic Club;;
68;Futbol Club Barcelona;;
68;Real Club Deportivo de La Corugna;;
68;Real Club Deportivo Mallorca;;
68;Malaga Club de Futbol;;
68;Club Deportivo Numancia de Soria;;
68;Real Oviedo;;
68;Sevilla Futbol Club;;
68;Valencia Club de Futbol;;
68;Deportivo Alaves;;
68;Real Betis Balompie;;
68;Real Club Celta de Vigo;;
68;Real Club Deportivo Espagnol;;
68;Real Racing Club de Santander;;
68;Rayo Vallecano de Madrid;;
68;Real Madrid Club de Futbol;;
68;Real Sociedad de Futbol;;
68;Real Valladolid Club de Futbol;;
68;Real Zaragoza;;
69;Albacete Balompie;;
69;Club Deportivo Badajoz;;
69;Sociedad Deportiva Compostela;;
69;Cordoba Club de Futbol;;
69;Extremadura Union Deportiva;;
69;Union Deportiva Las Palmas;;
69;Club Deportivo Leganes;;
69;Club Lleida Esportiu;;
69;Sociedad Deportiva Logrognes;;
69;Club Atletico Osasuna;;
69;Unionistas de Salamanca Club de Futbol;;
69;Club Atletico de Madrid B;;
69;Elche Club de Futbol;;
69;Getafe Club de Futbol;;
69;Levante Union Deportiva;;
69;Asociacion Deportiva Merida;;
69;Real Club Recreativo de Huelva;;
69;Real Oviedo Vetusta;;
69;Club Deportivo Tenerife;;
69;Club Deportivo Toledo;;
69;Villarreal Club de Futbol;;
69;Sociedad Deportiva Eibar;;
70;Futbol Club Barcelona;;
70;Real Club Deportivo de La Corugna;;
70;Union Deportiva Las Palmas;;
70;Real Club Deportivo Mallorca;;
70;Club Deportivo Numancia de Soria;;
70;Club Atletico Osasuna;;
70;Real Madrid Club de Futbol;;
70;Real Sociedad de Futbol;;
70;Villarreal Club de Futbol;;
70;Real Zaragoza;;
70;Deportivo Alaves;;
70;Athletic Club;;
70;Real Club Celta de Vigo;;
70;Real Club Deportivo Espagnol;;
70;Malaga Club de Futbol;;
70;Real Oviedo;;
70;Real Racing Club de Santander;;
70;Rayo Vallecano de Madrid;;
70;Valencia Club de Futbol;;
70;Real Valladolid Club de Futbol;;
71;Albacete Balompie;;
71;Sociedad Deportiva Compostela;;
71;Elche Club de Futbol;;
71;Getafe Club de Futbol;;
71;Real Jaen Club de Futbol;;
71;Club Deportivo Leganes;;
71;Levante Union Deportiva;;
71;Club Lleida Esportiu;;
71;Real Club Recreativo de Huelva;;
71;Sevilla Futbol Club;;
71;Real Oviedo Vetusta;;
71;Club Atletico de Madrid;;
71;Club Deportivo Badajoz;;
71;Real Betis Balompie;;
71;Cordoba Club de Futbol;;
71;Extremadura Union Deportiva;;
71;Racing Club de Ferrol;;
71;Real Murcia Club de Futbol;;
71;Unionistas de Salamanca Club de Futbol;;
71;Club Deportivo Tenerife;;
71;Universidad de Las Palmas de Gran Canaria Club de Futbol;;
71;Sociedad Deportiva Eibar;;
72;Real Club Deportivo de La Corugna;;
72;Real Club Deportivo Espagnol;;
72;Real Club Deportivo Mallorca;;
72;Malaga Club de Futbol;;
72;Club Atletico Osasuna;;
72;Rayo Vallecano de Madrid;;
72;Real Sociedad de Futbol;;
72;Sevilla Futbol Club;;
72;Club Deportivo Tenerife;;
72;Valencia Club de Futbol;;
72;Deportivo Alaves;;
72;Athletic Club;;
72;Futbol Club Barcelona;;
72;Real Betis Balompie;;
72;Real Club Celta de Vigo;;
72;Union Deportiva Las Palmas;;
72;Real Madrid Club de Futbol;;
72;Real Valladolid Club de Futbol;;
72;Villarreal Club de Futbol;;
72;Real Zaragoza;;
73;Albacete Balompie;;
73;Club Atletico de Madrid;;
73;Club Deportivo Badajoz;;
73;Cordoba Club de Futbol;;
73;Club Polideportivo Ejido;;
73;Elche Club de Futbol;;
73;Club Gimnastic de Tarragona;;
73;Real Murcia Club de Futbol;;
73;Club Deportivo Numancia de Soria;;
73;Real Oviedo;;
73;Xerez Club Deportivo;;
73;Burgos Club de Futbol;;
73;Extremadura Union Deportiva;;
73;Racing Club de Ferrol;;
73;Real Jaen Club de Futbol;;
73;Club Deportivo Leganes;;
73;Levante Union Deportiva;;
73;Real Racing Club de Santander;;
73;Real Club Recreativo de Huelva;;
73;Unionistas de Salamanca Club de Futbol;;
73;Real Oviedo Vetusta;;
73;Sociedad Deportiva Eibar;;
74;Futbol Club Barcelona;;
74;Real Club Deportivo de La Corugna;;
74;Real Club Deportivo Mallorca;;
74;Real Racing Club de Santander;;
74;Rayo Vallecano de Madrid;;
74;Real Madrid Club de Futbol;;
74;Real Sociedad de Futbol;;
74;Real Club Recreativo de Huelva;;
74;Sevilla Futbol Club;;
74;Villarreal Club de Futbol;;
74;Deportivo Alaves;;
74;Club Atletico de Madrid;;
74;Athletic Club;;
74;Real Betis Balompie;;
74;Real Club Celta de Vigo;;
74;Real Club Deportivo Espagnol;;
74;Malaga Club de Futbol;;
74;Club Atletico Osasuna;;
74;Valencia Club de Futbol;;
74;Real Valladolid Club de Futbol;;
75;Union Deportiva Almeria;;
75;Club Deportivo Badajoz;;
75;Sociedad Deportiva Compostela;;
75;Elche Club de Futbol;;
75;Getafe Club de Futbol;;
75;Union Deportiva Las Palmas;;
75;Club Deportivo Numancia de Soria;;
75;Real Oviedo;;
75;Terrassa Futbol Club;;
75;Real Zaragoza;;
75;Sociedad Deportiva Eibar;;
75;Albacete Balompie;;
75;Cordoba Club de Futbol;;
75;Club Polideportivo Ejido;;
75;Racing Club de Ferrol;;
75;Club Deportivo Leganes;;
75;Levante Union Deportiva;;
75;Real Murcia Club de Futbol;;
75;Unionistas de Salamanca Club de Futbol;;
75;Real Oviedo Vetusta;;
75;Club Deportivo Tenerife;;
75;Xerez Club Deportivo;;
76;Albacete Balompie;;
76;Athletic Club;;
76;Real Club Celta de Vigo;;
76;Real Club Deportivo Espagnol;;
76;Malaga Club de Futbol;;
76;Real Racing Club de Santander;;
76;Real Madrid Club de Futbol;;
76;Sevilla Futbol Club;;
76;Valencia Club de Futbol;;
76;Real Zaragoza;;
76;Club Atletico de Madrid;;
76;Futbol Club Barcelona;;
76;Real Betis Balompie;;
76;Real Club Deportivo de La Corugna;;
76;Real Club Deportivo Mallorca;;
76;Real Murcia Club de Futbol;;
76;Club Atletico Osasuna;;
76;Real Sociedad de Futbol;;
76;Real Valladolid Club de Futbol;;
76;Villarreal Club de Futbol;;
77;Union Deportiva Almeria;;
77;Cadiz Club de Futbol;;
77;Elche Club de Futbol;;
77;Granada Club de Futbol;;
77;Club Deportivo Leganes;;
77;Club Deportivo Numancia de Soria;;
77;Rayo Vallecano de Madrid;;
77;Real Oviedo Vetusta;;
77;Club Deportivo Tenerife;;
77;Terrassa Futbol Club;;
77;Sociedad Deportiva Eibar;;
77;Deportivo Alaves;;
77;Algeciras Club de Futbol;;
77;Cordoba Club de Futbol;;
77;Club Polideportivo Ejido;;
77;Getafe Club de Futbol;;
77;Union Deportiva Las Palmas;;
77;Levante Union Deportiva;;
77;Malaga Club de Futbol B;;
77;Real Club Recreativo de Huelva;;
77;Unionistas de Salamanca Club de Futbol;;
77;Xerez Club Deportivo;;
78;Club Atletico de Madrid;;
78;Real Club Deportivo Espagnol;;
78;Real Club Deportivo Mallorca;;
78;Club Deportivo Numancia de Soria;;
78;Club Atletico Osasuna;;
78;Real Racing Club de Santander;;
78;Real Sociedad de Futbol;;
78;Sevilla Futbol Club;;
78;Valencia Club de Futbol;;
78;Real Zaragoza;;
78;Albacete Balompie;;
78;Athletic Club;;
78;Futbol Club Barcelona;;
78;Real Betis Balompie;;
78;Real Club Deportivo de La Corugna;;
78;Getafe Club de Futbol;;
78;Levante Union Deportiva;;
78;Malaga Club de Futbol;;
78;Real Madrid Club de Futbol;;
78;Villarreal Club de Futbol;;
79;Deportivo Alaves;;
79;Union Deportiva Almeria;;
79;Club Gimnastic de Tarragona;;
79;Granada Club de Futbol;;
79;Club Lleida Esportiu;;
79;Pontevedra Club de Futbol;;
79;Real Oviedo Vetusta;;
79;Club Deportivo Tenerife;;
79;Terrassa Futbol Club;;
79;Xerez Club Deportivo;;
79;Sociedad Deportiva Eibar;;
79;Real Club Celta de Vigo;;
79;Cadiz Club de Futbol;;
79;Cordoba Club de Futbol;;
79;Club Polideportivo Ejido;;
79;Elche Club de Futbol;;
79;Racing Club de Ferrol;;
79;Real Murcia Club de Futbol;;
79;Malaga Club de Futbol B;;
79;Real Club Recreativo de Huelva;;
79;Unionistas de Salamanca Club de Futbol;;
79;Real Valladolid Club de Futbol;;
80;Deportivo Alaves;;
80;Club Atletico de Madrid;;
80;Athletic Club;;
80;Real Club Celta de Vigo;;
80;Cadiz Club de Futbol;;
80;Real Club Deportivo Espagnol;;
80;Real Club Deportivo Mallorca;;
80;Club Atletico Osasuna;;
80;Sevilla Futbol Club;;
80;Valencia Club de Futbol;;
80;Futbol Club Barcelona;;
80;Real Betis Balompie;;
80;Real Club Deportivo de La Corugna;;
80;Getafe Club de Futbol;;
80;Malaga Club de Futbol;;
80;Real Racing Club de Santander;;
80;Real Madrid Club de Futbol;;
80;Real Sociedad de Futbol;;
80;Villarreal Club de Futbol;;
80;Real Zaragoza;;
81;Granada Club de Futbol;;
81;Hercules de Alicante Club de Futbol;;
81;Levante Union Deportiva;;
81;Club Lleida Esportiu;;
81;Club de Futbol Lorca Deportiva;;
81;Club Deportivo Numancia de Soria;;
81;Real Oviedo Vetusta;;
81;Club Deportivo Tenerife;;
81;Real Valladolid Club de Futbol;;
81;Xerez Club Deportivo;;
81;Sociedad Deportiva Eibar;;
81;Albacete Balompie;;
81;Union Deportiva Almeria;;
81;Club Deportivo Castellon;;
81;Club Polideportivo Ejido;;
81;Elche Club de Futbol;;
81;Racing Club de Ferrol;;
81;Club Gimnastic de Tarragona;;
81;Real Murcia Club de Futbol;;
81;Malaga Club de Futbol B;;
81;Real Madrid Castilla Club de Futbol;;
81;Real Club Recreativo de Huelva;;
82;Athletic Club;;
82;Real Club Celta de Vigo;;
82;Real Club Deportivo de La Corugna;;
82;Real Club Deportivo Espagnol;;
82;Club Atletico Osasuna;;
82;Real Racing Club de Santander;;
82;Real Madrid Club de Futbol;;
82;Real Club Recreativo de Huelva;;
82;Sevilla Futbol Club;;
82;Valencia Club de Futbol;;
82;Club Atletico de Madrid;;
82;Futbol Club Barcelona;;
82;Real Betis Balompie;;
82;Getafe Club de Futbol;;
82;Club Gimnastic de Tarragona;;
82;Levante Union Deportiva;;
82;Real Club Deportivo Mallorca;;
82;Real Sociedad de Futbol;;
82;Villarreal Club de Futbol;;
82;Real Zaragoza;;
83;Deportivo Alaves;;
83;Albacete Balompie;;
83;Union Deportiva Almeria;;
83;Club Deportivo Castellon;;
83;Cadiz Club de Futbol;;
83;Granada Club de Futbol;;
83;Hercules de Alicante Club de Futbol;;
83;Union Deportiva Las Palmas;;
83;Club Deportivo Numancia de Soria;;
83;Unionistas de Salamanca Club de Futbol;;
83;Real Oviedo Vetusta;;
83;Club Polideportivo Ejido;;
83;Elche Club de Futbol;;
83;Club de Futbol Lorca Deportiva;;
83;Real Murcia Club de Futbol;;
83;Malaga Club de Futbol;;
83;Sociedad Deportiva Ponferradina;;
83;Real Madrid Castilla Club de Futbol;;
83;Club Deportivo Tenerife;;
83;Real Valladolid Club de Futbol;;
83;Union Deportiva Vecindario ;;
83;Xerez Club Deportivo;;
84;Athletic Club;;
84;Real Club Deportivo de La Corugna;;
84;Real Club Deportivo Espagnol;;
84;Real Club Deportivo Mallorca;;
84;Real Murcia Club de Futbol;;
84;Real Racing Club de Santander;;
84;Real Madrid Club de Futbol;;
84;Real Club Recreativo de Huelva;;
84;Sevilla Futbol Club;;
84;Valencia Club de Futbol;;
84;Union Deportiva Almeria;;
84;Club Atletico de Madrid;;
84;Futbol Club Barcelona;;
84;Real Betis Balompie;;
84;Getafe Club de Futbol;;
84;Levante Union Deportiva;;
84;Club Atletico Osasuna;;
84;Real Valladolid Club de Futbol;;
84;Villarreal Club de Futbol;;
84;Real Zaragoza;;
85;Albacete Balompie;;
85;Real Club Celta de Vigo;;
85;Cadiz Club de Futbol;;
85;Racing Club de Ferrol;;
85;Club Gimnastic de Tarragona;;
85;Hercules de Alicante Club de Futbol;;
85;Malaga Club de Futbol;;
85;Club Deportivo Numancia de Soria;;
85;Real Sociedad de Futbol;;
85;Sevilla Atletico Club;;
85;Real Oviedo Vetusta;;
85;Deportivo Alaves;;
85;Club Deportivo Castellon;;
85;Cordoba Club de Futbol;;
85;Club Polideportivo Ejido;;
85;Elche Club de Futbol;;
85;Granada Club de Futbol;;
85;Union Deportiva Las Palmas;;
85;Unionistas de Salamanca Club de Futbol;;
85;Club Deportivo Tenerife;;
85;Xerez Club Deportivo;;
85;Sociedad Deportiva Eibar;;
86;Club Atletico de Madrid;;
86;Athletic Club;;
86;Real Betis Balompie;;
86;Real Club Deportivo de La Corugna;;
86;Real Club Deportivo Espagnol;;
86;Club Deportivo Numancia de Soria;;
86;Club Atletico Osasuna;;
86;Real Racing Club de Santander;;
86;Real Oviedo Vetusta;;
86;Valencia Club de Futbol;;
86;Union Deportiva Almeria;;
86;Futbol Club Barcelona;;
86;Getafe Club de Futbol;;
86;Real Club Deportivo Mallorca;;
86;Malaga Club de Futbol;;
86;Real Madrid Club de Futbol;;
86;Real Club Recreativo de Huelva;;
86;Sevilla Futbol Club;;
86;Real Valladolid Club de Futbol;;
86;Villarreal Club de Futbol;;
87;Albacete Balompie;;
87;Alicante Club de Futbol;;
87;Real Club Celta de Vigo;;
87;Cordoba Club de Futbol;;
87;Elche Club de Futbol;;
87;Sociedad Deportiva Huesca;;
87;Levante Union Deportiva;;
87;Rayo Vallecano de Madrid;;
87;Real Sociedad de Futbol;;
87;Unionistas de Salamanca Club de Futbol;;
87;Club Deportivo Tenerife;;
87;Deportivo Alaves;;
87;Club Deportivo Castellon;;
87;Club Gimnastic de Tarragona;;
87;Girona Futbol Club;;
87;Hercules de Alicante Club de Futbol;;
87;Union Deportiva Las Palmas;;
87;Real Murcia Club de Futbol;;
87;Sevilla Atletico Club;;
87;Xerez Club Deportivo;;
87;Real Zaragoza;;
87;Sociedad Deportiva Eibar;;
88;Union Deportiva Almeria;;
88;Athletic Club;;
88;Futbol Club Barcelona;;
88;Real Club Deportivo Mallorca;;
88;Malaga Club de Futbol;;
88;Club Atletico Osasuna;;
88;Real Racing Club de Santander;;
88;Real Madrid Club de Futbol;;
88;Valencia Club de Futbol;;
88;Real Zaragoza;;
88;Club Atletico de Madrid;;
88;Real Club Deportivo de La Corugna;;
88;Real Club Deportivo Espagnol;;
88;Getafe Club de Futbol;;
88;Sevilla Futbol Club;;
88;Real Oviedo Vetusta;;
88;Club Deportivo Tenerife;;
88;Real Valladolid Club de Futbol;;
88;Villarreal Club de Futbol;;
88;Xerez Club Deportivo;;
89;Real Betis Balompie;;
89;Club Deportivo Castellon;;
89;Real Club Celta de Vigo;;
89;Cadiz Club de Futbol;;
89;Elche Club de Futbol;;
89;Girona Futbol Club;;
89;Union Deportiva Las Palmas;;
89;Real Murcia Club de Futbol;;
89;Rayo Vallecano de Madrid;;
89;Real Union Club;;
89;Villarreal Club de Futbol B;;
89;Albacete Balompie;;
89;Futbol Club Cartagena;;
89;Cordoba Club de Futbol;;
89;Club Gimnastic de Tarragona;;
89;Sociedad Deportiva Huesca;;
89;Hercules de Alicante Club de Futbol;;
89;Levante Union Deportiva;;
89;Club Deportivo Numancia de Soria;;
89;Real Sociedad de Futbol;;
89;Real Club Recreativo de Huelva;;
89;Unionistas de Salamanca Club de Futbol;;
90;Club Atletico de Madrid;;
90;Real Club Deportivo de La Corugna;;
90;Real Club Deportivo Espagnol;;
90;Hercules de Alicante Club de Futbol;;
90;Levante Union Deportiva;;
90;Real Club Deportivo Mallorca;;
90;Malaga Club de Futbol;;
90;Club Atletico Osasuna;;
90;Real Racing Club de Santander;;
90;Real Sociedad de Futbol;;
90;Union Deportiva Almeria;;
90;Athletic Club;;
90;Futbol Club Barcelona;;
90;Getafe Club de Futbol;;
90;Real Madrid Club de Futbol;;
90;Sevilla Futbol Club;;
90;Real Oviedo Vetusta;;
90;Valencia Club de Futbol;;
90;Villarreal Club de Futbol;;
90;Real Zaragoza;;
91;Albacete Balompie;;
91;Real Betis Balompie;;
91;Real Club Celta de Vigo;;
91;Elche Club de Futbol;;
91;Girona Futbol Club;;
91;Union Deportiva Las Palmas;;
91;Sociedad Deportiva Ponferradina;;
91;Rayo Vallecano de Madrid;;
91;Unionistas de Salamanca Club de Futbol;;
91;Real Valladolid Club de Futbol;;
91;Xerez Club Deportivo;;
91;Agrupacion Deportiva Alcorcon;;
91;Futbol Club Barcelona Atletic;;
91;Futbol Club Cartagena;;
91;Cordoba Club de Futbol;;
91;Club Gimnastic de Tarragona;;
91;Club Recreativo Granada;;
91;Sociedad Deportiva Huesca;;
91;Club Deportivo Numancia de Soria;;
91;Real Club Recreativo de Huelva;;
91;Club Deportivo Tenerife;;
91;Villarreal Club de Futbol B;;
92;Real Club Celta de Vigo;;
92;Real Valladolid Club de Futbol;;
92;Elche Club de Futbol;;
92;Club Recreativo Granada;;
93;Real Betis Balompie;;
93;Real Club Deportivo Espagnol;;
93;Levante Union Deportiva;;
93;Malaga Club de Futbol;;
93;Club Atletico Osasuna;;
93;Real Racing Club de Santander;;
93;Rayo Vallecano de Madrid;;
93;Real Madrid Club de Futbol;;
93;Real Sociedad de Futbol;;
93;Villarreal Club de Futbol;;
93;Club Atletico de Madrid;;
93;Athletic Club;;
93;Futbol Club Barcelona;;
93;Getafe Club de Futbol;;
93;Club Recreativo Granada;;
93;Real Club Deportivo Mallorca;;
93;Sevilla Futbol Club;;
93;Real Oviedo Vetusta;;
93;Valencia Club de Futbol;;
93;Real Zaragoza;;
94;Union Deportiva Almeria;;
94;Futbol Club Cartagena;;
94;Real Club Celta de Vigo;;
94;Elche Club de Futbol;;
94;Sociedad Deportiva Huesca;;
94;Union Deportiva Las Palmas;;
94;Club Deportivo Numancia de Soria;;
94;Real Club Recreativo de Huelva;;
94;Real Valladolid Club de Futbol;;
94;Villarreal Club de Futbol B;;
94;Xerez Club Deportivo;;
94;Agrupacion Deportiva Alcorcon;;
94;Club Deportivo Alcoyano;;
94;Futbol Club Barcelona Atletic;;
94;Cordoba Club de Futbol;;
94;Real Club Deportivo de La Corugna;;
94;Club Gimnastic de Tarragona;;
94;Girona Futbol Club;;
94;Club Deportivo Guadalajara;;
94;Hercules de Alicante Club de Futbol;;
94;Real Murcia Club de Futbol;;
94;Centre dEsports Sabadell Futbol Club;;
95;Cordoba Club de Futbol;;
95;Hercules de Alicante Club de Futbol;;
95;Agrupacion Deportiva Alcorcon;;
95;Real Valladolid Club de Futbol;;
96;Athletic Club;;
96;Futbol Club Barcelona;;
96;Real Club Celta de Vigo;;
96;Real Club Deportivo de La Corugna;;
96;Levante Union Deportiva;;
96;Real Club Deportivo Mallorca;;
96;Rayo Vallecano de Madrid;;
96;Real Madrid Club de Futbol;;
96;Sevilla Futbol Club;;
96;Real Zaragoza;;
96;Club Atletico de Madrid;;
96;Real Betis Balompie;;
96;Real Club Deportivo Espagnol;;
96;Getafe Club de Futbol;;
96;Club Recreativo Granada;;
96;Malaga Club de Futbol;;
96;Club Atletico Osasuna;;
96;Real Sociedad de Futbol;;
96;Valencia Club de Futbol;;
96;Real Valladolid Club de Futbol;;
97;Agrupacion Deportiva Alcorcon;;
97;Futbol Club Barcelona Atletic;;
97;Elche Club de Futbol;;
97;Girona Futbol Club;;
97;Club Deportivo Lugo;;
97;Club Deportivo Mirandes;;
97;Real Murcia Club de Futbol;;
97;Club Deportivo Numancia de Soria;;
97;Real Racing Club de Santander;;
97;Villarreal Club de Futbol;;
97;Xerez Club Deportivo;;
97;Union Deportiva Almeria;;
97;Cordoba Club de Futbol;;
97;Club Deportivo Guadalajara;;
97;Sociedad Deportiva Huesca;;
97;Hercules de Alicante Club de Futbol;;
97;Union Deportiva Las Palmas;;
97;Sociedad Deportiva Ponferradina;;
97;Real Madrid Castilla Club de Futbol;;
97;Real Club Recreativo de Huelva;;
97;Centre dEsports Sabadell Futbol Club;;
97;Real Oviedo Vetusta;;
98;Agrupacion Deportiva Alcorcon;;
98;Union Deportiva Las Palmas;;
98;Union Deportiva Almeria;;
98;Girona Futbol Club;;
99;Union Deportiva Almeria;;
99;Futbol Club Barcelona;;
99;Real Club Celta de Vigo;;
99;Club Atletico Osasuna;;
99;Rayo Vallecano de Madrid;;
99;Real Madrid Club de Futbol;;
99;Real Sociedad de Futbol;;
99;Sevilla Futbol Club;;
99;Valencia Club de Futbol;;
99;Real Valladolid Club de Futbol;;
99;Club Atletico de Madrid;;
99;Athletic Club;;
99;Real Betis Balompie;;
99;Elche Club de Futbol;;
99;Real Club Deportivo Espagnol;;
99;Getafe Club de Futbol;;
99;Club Recreativo Granada;;
99;Levante Union Deportiva;;
99;Malaga Club de Futbol;;
99;Villarreal Club de Futbol;;
100;Agrupacion Deportiva Alcorcon;;
100;Cordoba Club de Futbol;;
100;Girona Futbol Club;;
100;Hercules de Alicante Club de Futbol;;
100;Real Jaen Club de Futbol;;
100;Union Deportiva Las Palmas;;
100;Club Deportivo Lugo;;
100;Club Deportivo Mirandes;;
100;Real Murcia Club de Futbol;;
100;Centre dEsports Sabadell Futbol Club;;
100;Real Oviedo Vetusta;;
100;Deportivo Alaves;;
100;Futbol Club Barcelona Atletic;;
100;Real Club Deportivo de La Corugna;;
100;Real Club Deportivo Mallorca;;
100;Club Deportivo Numancia de Soria;;
100;Sociedad Deportiva Ponferradina;;
100;Real Madrid Castilla Club de Futbol;;
100;Real Club Recreativo de Huelva;;
100;Club Deportivo Tenerife;;
100;Real Zaragoza;;
100;Sociedad Deportiva Eibar;;
101;Cordoba Club de Futbol;;
101;Union Deportiva Las Palmas;;
101;Real Murcia Club de Futbol;;
101;Real Oviedo Vetusta;;
102;Union Deportiva Almeria;;
102;Futbol Club Barcelona;;
102;Real Club Celta de Vigo;;
102;Club Recreativo Granada;;
102;Levante Union Deportiva;;
102;Malaga Club de Futbol;;
102;Rayo Vallecano de Madrid;;
102;Real Madrid Club de Futbol;;
102;Sevilla Futbol Club;;
102;Sociedad Deportiva Eibar;;
102;Club Atletico de Madrid;;
102;Athletic Club;;
102;Cordoba Club de Futbol;;
102;Real Club Deportivo de La Corugna;;
102;Elche Club de Futbol;;
102;Real Club Deportivo Espagnol;;
102;Getafe Club de Futbol;;
102;Real Sociedad de Futbol;;
102;Valencia Club de Futbol;;
102;Villarreal Club de Futbol;;
103;Albacete Balompie;;
103;Girona Futbol Club;;
103;Union Deportiva Las Palmas;;
103;Club Deportivo Leganes;;
103;Club Deportivo Mirandes;;
103;Club Deportivo Numancia de Soria;;
103;Club Atletico Osasuna;;
103;Sociedad Deportiva Ponferradina;;
103;Real Club Recreativo de Huelva;;
103;Centre dEsports Sabadell Futbol Club;;
103;Real Valladolid Club de Futbol;;
103;Deportivo Alaves;;
103;Agrupacion Deportiva Alcorcon;;
103;Futbol Club Barcelona Atletic;;
103;Real Betis Balompie;;
103;Unio Esportiva Llagostera;;
103;Club Deportivo Lugo;;
103;Real Club Deportivo Mallorca;;
103;Real Racing Club de Santander;;
103;Real Oviedo Vetusta;;
103;Club Deportivo Tenerife;;
103;Real Zaragoza;;
104;Real Valladolid Club de Futbol;;
104;Real Zaragoza;;
104;Girona Futbol Club;;
104;Union Deportiva Las Palmas;;
105;Club Atletico de Madrid;;
105;Athletic Club;;
105;Real Betis Balompie;;
105;Real Club Deportivo de La Corugna;;
105;Real Club Deportivo Espagnol;;
105;Club Recreativo Granada;;
105;Levante Union Deportiva;;
105;Malaga Club de Futbol;;
105;Rayo Vallecano de Madrid;;
105;Real Oviedo Vetusta;;
105;Futbol Club Barcelona;;
105;Real Club Celta de Vigo;;
105;Getafe Club de Futbol;;
105;Union Deportiva Las Palmas;;
105;Real Madrid Club de Futbol;;
105;Real Sociedad de Futbol;;
105;Sevilla Futbol Club;;
105;Valencia Club de Futbol;;
105;Villarreal Club de Futbol;;
105;Sociedad Deportiva Eibar;;
106;Agrupacion Deportiva Alcorcon;;
106;Union Deportiva Almeria;;
106;Bilbao Athletic;;
106;Cordoba Club de Futbol;;
106;Club Gimnastic de Tarragona;;
106;Sociedad Deportiva Huesca;;
106;Unio Esportiva Llagostera;;
106;Club Deportivo Mirandes;;
106;Club Deportivo Numancia de Soria;;
106;Real Oviedo;;
106;Sociedad Deportiva Ponferradina;;
106;Deportivo Alaves;;
106;Albacete Balompie;;
106;Elche Club de Futbol;;
106;Girona Futbol Club;;
106;Club Deportivo Leganes;;
106;Club Deportivo Lugo;;
106;Real Club Deportivo Mallorca;;
106;Club Atletico Osasuna;;
106;Club Deportivo Tenerife;;
106;Real Valladolid Club de Futbol;;
106;Real Zaragoza;;